/** 멤버십 서비스에 필요한 기초 데이터 스크립트 **/


/* 1. 회원 정보 */
INSERT INTO ACCOUNT (ACCOUNT_ID, ACCOUNT_NM, STATUS, BIRTH, HPHONE, EMAIL, GRADE, INSERT_DATE, INSERT_USER)
    VALUES (1, '관리자1', '1', '19880101', '01047269178', 'admin1@naver.com', 'ADMIN', NOW(), 1);
INSERT INTO ACCOUNT (ACCOUNT_ID, ACCOUNT_NM, STATUS, BIRTH, HPHONE, EMAIL, GRADE, INSERT_DATE, INSERT_USER)
    VALUES (2, '판매자1', '1', '19771222', '01022223333', 'seller1@naver.com', 'SELLER', NOW(), 1);
INSERT INTO ACCOUNT (ACCOUNT_ID, ACCOUNT_NM, STATUS, BIRTH, HPHONE, EMAIL, GRADE, INSERT_DATE, INSERT_USER)
    VALUES (3, '사용자1', '9', '19900702', '01033334444', 'user1@naver.com', 'USER', NOW(), 1);
INSERT INTO ACCOUNT (ACCOUNT_ID, ACCOUNT_NM, STATUS, BIRTH, HPHONE, EMAIL, GRADE, INSERT_DATE, INSERT_USER)
    VALUES (4, '사용자2', '9', '20010314', '01044445555', 'user2@naver.com', 'USER', NOW(), 1);
INSERT INTO ACCOUNT (ACCOUNT_ID, ACCOUNT_NM, STATUS, BIRTH, HPHONE, EMAIL, GRADE, INSERT_DATE, INSERT_USER)
    VALUES (5, '사용자3', '1', '19990516', '01055556666', 'user3@naver.com', 'USER', NOW(), 1);

/* 2. 멤버십 정보 */
INSERT INTO MEMBERSHIP (MSP_ID, MSP_NM, STATUS, MSP_INFO, MSP_IMG_URL, HOMEPAGE_URL, MSP_POINT_ACTIVE_MONTHS, BIGO, INSERT_DATE, INSERT_USER)
    VALUES('M230227000001', '올리브영 멤버십', '1', '일반회원 - 5% 할인', '', '', 2, '', NOW(), 1);
INSERT INTO MEMBERSHIP (MSP_ID, MSP_NM, STATUS, MSP_INFO, MSP_IMG_URL, HOMEPAGE_URL, MSP_POINT_ACTIVE_MONTHS, BIGO, INSERT_DATE, INSERT_USER)
    VALUES('M230227000002', 'CU 멤버십', '1', '일반회원 - 결제금액의 10% 적립', '', '', 2, '', NOW(), 1);

/* 3. 멤버십 정책 */
INSERT INTO MEMBERSHIP_BENEFIT (MSP_ID, MSP_GRADE, GRADE_POINT_FR, GRADE_POINT_TO, ACCUM_RAT, DISCOUNT_RAT, INSERT_DATE, INSERT_USER)
    VALUES('M230227000001', 'COMMON', 0, 999, 3, 5, NOW(), 1);
INSERT INTO MEMBERSHIP_BENEFIT (MSP_ID, MSP_GRADE, GRADE_POINT_FR, GRADE_POINT_TO, ACCUM_RAT, DISCOUNT_RAT, INSERT_DATE, INSERT_USER)
    VALUES('M230227000001', 'BRONZE', 1000, 2999, 4, 6, NOW(), 1);
INSERT INTO MEMBERSHIP_BENEFIT (MSP_ID, MSP_GRADE, GRADE_POINT_FR, GRADE_POINT_TO, ACCUM_RAT, DISCOUNT_RAT, INSERT_DATE, INSERT_USER)
    VALUES('M230227000001', 'SILVER', 3000, 9999, 5, 7, NOW(), 1);
INSERT INTO MEMBERSHIP_BENEFIT (MSP_ID, MSP_GRADE, GRADE_POINT_FR, GRADE_POINT_TO, ACCUM_RAT, DISCOUNT_RAT, INSERT_DATE, INSERT_USER)
    VALUES('M230227000001', 'GOLD', 10000, 99999, 7, 10, NOW(), 1);
INSERT INTO MEMBERSHIP_BENEFIT (MSP_ID, MSP_GRADE, GRADE_POINT_FR, GRADE_POINT_TO, ACCUM_RAT, DISCOUNT_RAT, INSERT_DATE, INSERT_USER)
    VALUES('M230227000001', 'VIP', 100000, 99999999, 10, 15, NOW(), 1);
INSERT INTO MEMBERSHIP_BENEFIT (MSP_ID, MSP_GRADE, GRADE_POINT_FR, GRADE_POINT_TO, ACCUM_RAT, DISCOUNT_RAT, INSERT_DATE, INSERT_USER)
    VALUES('M230227000002', 'COMMON', 0, 9999, 10, 3, NOW(), 1);
INSERT INTO MEMBERSHIP_BENEFIT (MSP_ID, MSP_GRADE, GRADE_POINT_FR, GRADE_POINT_TO, ACCUM_RAT, DISCOUNT_RAT, INSERT_DATE, INSERT_USER)
    VALUES('M230227000002', 'BRONZE', 10000, 29999, 12, 4, NOW(), 1);
INSERT INTO MEMBERSHIP_BENEFIT (MSP_ID, MSP_GRADE, GRADE_POINT_FR, GRADE_POINT_TO, ACCUM_RAT, DISCOUNT_RAT, INSERT_DATE, INSERT_USER)
    VALUES('M230227000002', 'SILVER', 30000, 99999, 13, 5, NOW(), 1);
INSERT INTO MEMBERSHIP_BENEFIT (MSP_ID, MSP_GRADE, GRADE_POINT_FR, GRADE_POINT_TO, ACCUM_RAT, DISCOUNT_RAT, INSERT_DATE, INSERT_USER)
    VALUES('M230227000002', 'GOLD', 100000, 999999, 14, 8, NOW(), 1);
INSERT INTO MEMBERSHIP_BENEFIT (MSP_ID, MSP_GRADE, GRADE_POINT_FR, GRADE_POINT_TO, ACCUM_RAT, DISCOUNT_RAT, INSERT_DATE, INSERT_USER)
    VALUES('M230227000002', 'VIP', 1000000, 999999999, 15, 10, NOW(), 1);


/* 4. 멤버십 가맹점 */
INSERT INTO MEMBERSHIP_FRANCHISEE (MSP_ID, FRANCHISEE_ID, FRANCHISEE_NM, INSERT_DATE, INSERT_USER)
    VALUES('M230227000001', 'F230228000001', '올리브영 명동점', NOW(), 1);
INSERT INTO MEMBERSHIP_FRANCHISEE (MSP_ID, FRANCHISEE_ID, FRANCHISEE_NM, INSERT_DATE, INSERT_USER)
    VALUES('M230227000001', 'F230228000002', '올리브영 서울역점', NOW(), 1);
INSERT INTO MEMBERSHIP_FRANCHISEE (MSP_ID, FRANCHISEE_ID, FRANCHISEE_NM, INSERT_DATE, INSERT_USER)
    VALUES('M230227000001', 'F230228000003', '올리브영 강남역점', NOW(), 1);
INSERT INTO MEMBERSHIP_FRANCHISEE (MSP_ID, FRANCHISEE_ID, FRANCHISEE_NM, INSERT_DATE, INSERT_USER)
    VALUES('M230227000002', 'F230228000004', 'CU 서울역점', NOW(), 1);
INSERT INTO MEMBERSHIP_FRANCHISEE (MSP_ID, FRANCHISEE_ID, FRANCHISEE_NM, INSERT_DATE, INSERT_USER)
    VALUES('M230227000002', 'F230228000005', 'CU 강남역점', NOW(), 1);